Barbados;0
Doha;1
Glasgow;2
London;3
Cairo;4
Denver;5
San francisco;6
Montreal;7
Miami;8
Amman jordan;9
Dusseldorf;10
Milan;11
Baltimore;12
Dubai;13
Dallas;14
London heathrow;15
Copenhagen;16
Larnaca;17
Atlanta;18
Madrid;19
Orlando;20
Jersey;21
Istanbul;22
Gothenburg;23
Heathrow;24
Sydney;25
London gatwick;26
Manchester;27
Berlin;28
Tel aviv;29
Los angeles;30
Boston;31
Cape town;32
Dallas ft worth;33
Accra;34
Nairobi;35
Edinburgh;36
Vancouver;37
Sao paulo;38
Belfast;39
Washington;40
Dublin;41
Edmonton;42
Amsterdam;43
Hong kong;44
Paris cdg;45
Portland;46
Cancun;47
Phoenix;48
Dallas fort-worth;49
Islamabad;50
Johannesburg;51
Zurich;52
Bridgetown;53
Dubrovnik;54
Columbus;55
Basel;56
Athens;57
São paulo;58
Pisa;59
Chicago;60
Riyadh;61
Malaga;62
Nice;63
Santorini;64
Geneva;65
Austin;66
Gatwick;67
Singapore;68
Male;69
New york;70
Bangalore;71
Lisbon;72
Montréal;73
Durban;74
Las vegas;75
Warsaw;76
Kingston;77
Washington dc;78
Tenerife;79
Stockholm;80
Frankfurt;81
Mumbai;82
Gibraltar;83
Prague;84
Abuja;85
Mykonos;86
Washington dulles;87
Moscow;88
Bucharest;89
Seattle;90
Preveza;91
Aberdeen;92
Ottawa;93
Antigua;94
Sofia;95
Mexico city;96
Munich;97
Newcastle;98
London city;99
Rome;100
San diego;101
Toronto;102
Tokyo;103
Vienna;104
London-heathrow;105
Nashville;106
Paris;107
Rio de janeiro;108
San jose;109
Keflavik;110
Budapest;111
Toulouse;112
Brussels;113
Tirana;114
Bordeaux;115
Seychelles;116
Jeddah;117
Hyderabad;118
Kuala lumpur;119
Amman;120
New york jfk;121
Buenos aires;122
Bari;123
Abu dhabi;124
Calgary;125
Newark;126
Kos;127
Cephalonia;128
Mahe;129
Palma de mallorca;130
Chennai;131
New orleans;132
Inverness;133
Palma;134
Johannesburg or tambo;135
Grenada;136
Rotterdam;137
Hamburg;138
Lima;139
Lyon;140
Marseille;141
Faro;142
Rome fiumicino;143
Houston;144
St lucia;145
Leeds bradford;146
Cologne;147
Tampa;148
Tokyo narita;149
Bermuda;150
Barcelona;151
Venice;152
Stuttgart;153
Nassau;154
St petersburg;155
Bangkok;156
Brindisi;157
Heraklion;158
Philadelphia;159
Zagreb;160
Paphos;161
Seville;162
Hkg;163
Delhi;164
Turin;165
Gig;166
Florence;167
Naples;168
Fort lauderdale;169
Beijing;170
Edimbourgh;171
Rio de janiero;172
Reykjavik;173
Saint lucia;174
Funchal;175
Berlin tegel;176
Bologna;177
Seoul incheon;178
Oakland;179
Düsseldorf;180
Tokyo haneda;181
Shanghai;182
Grand cayman;183
Port of spain;184
Kalamata;185
Zakinthos;186
Belfast city;187
Salzburg;188
Oslo;189
Catania;190
Bergen;191
Krakow;192
Mauritius;193
Malta;194
Corfu;195
Leeds;196
Valencia;197
Luxembourg;198
Seoul;199
Madeira;200
Lhr;201
Bahrain;202
Zürich;203
London lgw;204
Punta cana;205
Stavanger;206
Ory;207
Marrakech;208
Got;209
Kuwait;210
Tehran;211
Lba;212
Tpa;213
Lax;214
Sof;215
Iad;216
Yvr;217
Lgw;218
Mad;219
Mla;220
Sfo;221
Cdg;222
Bkk;223
Gla;224
Led;225
Pvg;226
Jfk;227
Ath;228
Fue;229
Iah;230
Kul;231
Man;232
Mia;233
Syd;234
Yyz;235
Arn;236
Ika;237
Cun;238
Dxb;239
Bud;240
Fra;241
Bwi;242
Kbp;243
Uvf;244
San;245
Dfw;246
Ctu;247
Nbo;248
Sea;249
Sin;250
Maa;251
Tlv;252
Rak;253
Ams;254
Dus;255
Jnb;256
Cpt;257
Bcn;258
Lis;259
Dub;260
Mru;261
Lca;262
Icn;263
Edi;264
Cnx;265
Hnd;266
Bri;267
Pmi;268
Agp;269
Dbv;270
Yyc;271
Lcy;272
Las;273
Bos;274
Sjo;275
Mel;276
Sjc;277
Bah;278
Atl;279
Auh;280
Nap;281
Opo;282
Muc;283
Vie;284
Prg;285
Phx;286
Txl;287
Waw;288
Phl;289
Abv;290
Zrh;291
Mex;292
Doh;293
Gru;294
Blr;295
Abz;296
Bsl;297
Mxp;298
Gva;299
Mrs;300
Ncl;301
Nas;302
Bgi;303
Ibz;304
Lys;305
Psa;306
Acc;307
Osl;308
Ord;309
Fco;310
Gib;311
Pek;312
Ruh;313
Cph;314
Svq;315
Ist;316
Trn;317
Aus;318
Puj;319
Vce;320
Oul;321
Otp;322
Kwi;323
Mco;324
Fnc;325
Nce;326
Jed;327
Yul;328
Hannover;329
Kiev;330
Ssh;331
Heathrow (london);332
Hel;333
Fuereventura;334
St kitts;335
Dme;336
Lebanon;337
Istambul;338
Verona;339
Vancouver canada;340
Cai;341
Helsinki;342
Bom;343
