Barbados;London Heathrow
Doha; Gatwick
Glasgow;London
London;Boston
London;Prague
London;Larnaca
Cairo;London
Denver;London
London;Marrakech
San Francisco;London
London;Lisbon
Montreal;Edinburgh
Miami;Budapest
Amman Jordan;London UK (Heathrow)
Dusseldorf;London
London;Cape Town
Milan;Dallas
Baltimore;London Heathrow
Dubai;Belfast
Dallas;Bologna
San Francisco;London
London Heathrow;Gibraltar
London Heathrow;Nairobi
London;Los Angeles
Copenhagen;Heathrow
Larnaca;London
Atlanta;London
Madrid;SanFrancisco
London;Washington
London;San Francisco
London;Delhi
London;Los Angeles
Miami;London Heathrow
Dubai;London
London;Cairo
Orlando;London Gatwick
London;Cairo
Dallas;London
Jersey;London Heathrow
London Heathrow;Jersey
Istanbul;London Heathrow
London Heathrow;New York JFK
Gothenburg;Jersey
Heathrow;Mexico City
London;Tampa
Sydney;London
London;Lisbon
London;Istanbul
London;Manchester
London;Rome
London Gatwick;Malaga
Heathrow;Tenerife
Manchester;Seattle
San Francisco;London
Berlin;London City
Tel Aviv;London
London;Manila
London;Barcelona
Los Angeles;Thessaloniki
Boston;Dublin
London;New York
Cape Town;London Heathrow
Dallas Ft Worth;London
London;Amsterdam
London;Marrakesh
Accra;London
Nairobi;NewYork
San Francisco;London
London;Amman
Edinburgh;Washington
Vancouver;Amsterdam
Sao Paulo;Heathrow 
London;Reykjavik
Belfast;London
London;Malaga
London;Toronto
London;Los Angeles
Washington;London
Nairobi;NewYork
Dublin;London City
London;Nairobi
London Heathrow;Johannesburg
Belfast;London
London;Paris
Miami;Paris
Edmonton;Cairo
Amsterdam;Montreal
Hong Kong;London
Belfast;London
London;Johannesburg
Paris CDG;London Heathrow
Portland;London
London;Malaga
Boston;Edinburgh
Edmonton;Santorini
Vancouver;London
London;san Francisco
London;Amsterdam
Cancun;London Gatwick
Phoenix;Hamburg
Dallas Fort-Worth;Toulouse
London;Thira
Islamabad;Manchester
Vancouver;London
London;Boston
Johannesburg;Toronto
Zurich;London
Johannesburg;London Heathrow
Miami;Zurich
Bridgetown;London 
London;Malaga
Dubrovnik;London
Amsterdam;London
Columbus;Nairobi
London;Geneva
London;Mauritius
London Heathrow;Malaga
Basel;Johannesburg
Athens;London
London;Mexico City
Glasgow;New York
London Heathrow;Los Angeles
Dubai;MilanMalpensa
Los Angeles;London
London;Cape Town
São Paulo;Milan
Madrid;London Heathrow
Dubrovnik;London Heathrow
London;Aberdeen
Pisa;London Heathrow
Johannesburg;Durban
Gothenburg;Manchester
Chicago;London
Riyadh;Nice
London;Glasgow
Glasgow;Washington
Malaga;London
Nice;Dallas
London;Paris
Phoenix;Paris
Phoenix;London Heathrow
Santorini;LosAngeles
London;Tokyo
Edinburgh;London City
Vancouver;London
London;Venice
London;Barcelona
Barbados;Heathrow
Heathrow;Bologna
Geneva;London
London;Singapore
London;Barbados
Cape Town;London Heathrow
Sydney;Heathrow
London;Malaga
Austin;London
Cape Town;London
London Heathrow;Funchal
Gatwick;Antalya
London;Austin
Dubai;Heathrow
Singapore;London
Dublin;Dubai
London Heathrow;Cairo
Male;London
Copenhagen;London
New York;London
London Heathrow;Sofia
Athens;Boston
Cape Town;Glasgow
Bangalore;London
London;Cape Town
Lisbon;London
Vancouver;London
London;Malaga
London;Athens
London;Edinburgh
Washington;London
Accra;London 
Dublin;London
London;Washington
London;Porto
Washington;London
Montréal;Dubai
Atlanta;Belfast
Cape Town;London Heathrow
London Heathrow;Orlando
London Heathrow;Dubai
New York;Newcastle
Cape Town;Durban
Durban;Cape Town
Bangalore;Detroit
New York;London
Las Vegas;London 
London;Dubai
Warsaw;London
Glasgow;London Heathrow
London;Cape Town
London;Tampa
Edinburgh;London
London;Edinburgh
London Heathrow;Los Angeles
London;St Lucia
London;Chicago
London;Istanbul
Dubai;London Heaathrow
London;Aberdeen
London Gatwick;Cancun
Kingston;London
London;Delhi
Washington DC;Moscow
Singapore;London
Cairo;Portland
London Heathrow;Paris CDG
Manchester;London Heathrow
London;Tenerife
Tenerife;London
Stockholm;London Heathrow
Frankfurt;London
London Heathrow;Tenerife South
Heathrow;Tenerife South
London;Chicago
London;Mexico
Manchester;Nassau
Mumbai;Dublin
Gibraltar;London
Belfast;London
Larnaca;London Heathrow
Lisbon;London Heathrow
Madrid;London
London;Bologna
London;Alicante
London;Larnaca
Prague;London
Male;London
London;Toronto
London;Toronto
London Heathrow;Athens Greece
London;Cayman Islands 
London;Prague
Larnaca;London Heathrow
Heathrow;Manchester 
London;Jersey
Denver;London
Belfast;London
Manchester;Aberdeen
London Heathrow;Tenerife south
London;New York
London Heathrow;Larnaca
London;Lisbon
Frankfurt;London
Geneva;SaoPaulo
Abuja;London
Mykonos;NewYork
Boston;Tirana London
Washington Dulles;London 
Gatwick;Catania
London;Moscow Domodedovo
London;Athens
London;Corfu
Moscow;London Heathrow
London Heathrow;Munich
London Heathrow;Nice
London;Hong Kong
Belfast;Budapest
Cancun;Gatwick
Gatwick;Cancun
Bucharest;Toronto
Seattle;Bangalore
London;Mexico City
Preveza;London
London;Accra
London Heathrow;Preveza
Durban;Cape Town
Aberdeen;London Heathrow
Malaga;London
Johannesburg;Cape Town
Gatwick;Cancun
Bridgetown;London
Ottawa;Ahmedabad
Antigua;London
Sofia;London Heathrow
Mumbai;London
Mexico City;London Heathrow
London;Maldives
Heathrow;Belfast
London;Paris
London;Cairo
London Heathrow;Dubai
London;Tenerife
London Heathrow;Lahore
London;Venice
Munich;London
London;Bangalore
Warsaw;London-Heathrow
London;Santorini
London;Paris
Berlin;London
Newcastle;London Heathrow
London;Singapore
Austin;London
London;Frankfurt
London Heathrow;Lyon
London City;Edinburgh
San Francisco;Edinburgh
Rome;LosAngeles
Chicago;Seville
London;Tel Aviv
San Diego;Barcelona
Toronto;London
Tokyo;London
Los Angeles;Paris
London Heathrow;Toronto 
Las Vegas;London Heathrow 
Sydney;London
Zurich;London
Vienna;London
London-Heathrow;Warsaw
Johannesburg;London
London;Stockholm
London;Budapest
Nashville;London
Vancouver;London
London;Marrakesh
Seattle;Heathrow
Mumbai;London Heathrow
London;Valencia
London Gatwick;Funchal
Chicago;London Heathrow
London;New York JFK
London;Madrid
Frankfurt;BuenosAires
London;Paris CDG
London City;Berlin
London;Beijing
Hong Kong;London
Mumbai;London
London;Delhi
Paris;London
Singapore;London
Gatwick;Malaga
Vancouver;London
London;Seattle
London Heathrow;Nairobi
Dubai;London
London;Cape Town
Rio de Janeiro;London 
Johannesburg;Dublin
Las Vegas;Paris
Geneva;Gatwick
Mexico City;Manchester
London Heathrow;Sofia
Manchester;Melbourne
Madrid;London 
Prague;London
Johannesburg;London
Las Vegas;Gatwick
San Diego;Stockholm
Cape Town;Johannesburg
New York;LondonHeathrow
Phoenix;London
London Heathrow;Bangkok
Mumbai;Boston
Toronto;Geneva
Hong Kong;London
San Jose;Amsterdam
Singapore;Paris
Warsaw;London
New York ;London Heathrow
London;Los Angeles
Johannesburg;Cape Town
London;Bangkok
London;Johannesburg
Boston;Mumbai
Los Angeles;London
Gatwick;Cancun
London Gatwick;Glasgow
Rio De Janeiro;London Heathrow
Gatwick;Tirana
Keflavik;London Heathrow
London Heathrow;Vancouver
Tokyo;London Heathrow
London;Hong Kong
Los Angeles;London Heathrow
Istanbul;London
London;Bucharest
London;Rio De Janeiro
London;Athens
Copenhagen;London
Budapest;Billund
Cape Town;Brussels
Sydney;Toulouse
Sofia;London
Edinburgh;Barbados
London;Munich
Hong Kong;London
London;Paris
New York;London
Austin;London
Frankfurt;London
London;Glasgow
London;San Francisco 
Heathrow;Belfast
London;Singapore
Toulouse;London
London Heathrow;Stockholm
Johannesburg;London
Johannesburg;London
London Heathrow;Miami
Stockholm;London Heathrow
London;Sydney
London;New York JFK
Gatwick;Bridgetown
Brussels;Bangkok
San Francisco;Oslo
Los Angeles;Berlin
London;Johannesburg 
London;Bangalore
London;Sydney
Lisbon;London
London Heathrow;Glasgow
doha;londonDoha
London;Buenos Aires
San Francisco;London
Sydney;Singapore
London;Mauritius
Los Angeles;Amsterdam
London;Vancouver
New York;Paris
London Heathrow;Lisbon
London;Boston
Tirana;London 
Gatwick;St Lucia
London;Singapore
London;San Francisco
Gatwick;Venice
Bordeaux;Gatwick
Seychelles;London
London;Belfast
London;Cape Town
San Jose;London
London Heathrow;Edinburgh
Gatwick;Barbados
Toronto;London
Jeddah;London
Zurich;London
San Francisco;London
London;Belfast
London Gatwick;Salzburg 
Frankfurt;London
Hyderabad;SanFrancisco
Vancouver;London
London;Malaga
Brussels;London
London;Singapore
Kuala Lumpur;Glasgow
London Heathrow;Seychelles
Edinburgh;London Heathrow
Amman;London
London;Athens
New York JFK;London
Buenos Aires;London Heathrow
Bari;London Gatwick
Abu Dhabi;London Heathrow
London Heathrow;Abu Dhabi
Johannesburg;Amsterdam
Dubai;London Heathrow
Istanbul;NewYork
Rome;London Heathrow
London;Athens
London Heathrow;Newcastle
Calgary;Gothenburg
Kuala Lumpur;London
Austin;London
London;Kuala Lumpur
Newark;Madrid
Kos;Gatwick
Gatwick;Alicante
Vancouver;London
Gatwick;Alicante
London Heathrow;Austin
London Heathrow;Austin
London Gatwick;Jersey
Cephalonia;London 
Chicago;Zurich
Glasgow;London
London Heathrow;Berlin Tegel
London;Milan
London;Geneva
Los Angeles;Istanbul
Phoenix;TelAviv
London;Kefalonia 
London;Dublin
Hong Kong;London
Gatwick;Seville
London Heathrow;Abuja Nigeria
London;Bangkok
Belfast;SanFrancisco
London;Gothenburg
Orlando;Gatwick
Mahe;Stockholm
Glasgow;Tampa
Orlando;Gatwick
London;Abu Dhabi
London;St Petersburgh
Sydney;London
London;Johannesburg
Palma de Mallorca;London Heathrow
Chennai;London
Edinburgh;KualaLumpur
London City;Amsterdam
Dublin;Mauritius
London;Shanghai
Chicago;Heathrow
New Orleans;London
Boston;Copenhagen
Hong Kong;Copenhagen
London Gatwick;San Jose Costa Rica
London;Dubai
London Heathrow;Venice Marco Polo
Chicago;London
London;Larnaca
Gatwick;Orlando
London;Munich
London;Glasgow
London;Hong Kong
Vienna;Heathrow
Malaga;London 
Sydney;Singapore
London Heathrow;Inverness
Heathrow;Glasgow
Inverness;Vancouver
London Heathrow;Brussels
London;Nice
Palma;London Heathrow
London City;Ibiza
London;Faro
Calgary;London
London Heathrow;Sofia
Nice;Kuwait
Buenos Aires;London Heathrow
Hong Kong;London
London Heathrow;Las Vegas
London Heathrow;Malaga
London;Delhi
Seattle;Durban
London Heathrow;Austin
Mykonos;London
Johannesburg OR Tambo;Cape Town
Grenada;Gatwick
Prague;London
London;Dubai
Tel Aviv;Toronto
Heathrow;Manchester
Brussels;Larnaca
Stockholm;London
Toronto;London
Orlando;London
Lisbon;London
Heathrow;Marseille
Madrid;London
Gatwick;Glasgow
Frankfurt;London
London;Olbia
Rotterdam;London City
Dublin;London
Barbados;Gatwick
London Heathrow;Singapore
Madrid;London Heathrow
London Heathrow;Oslo
Hamburg;AbuDhabi
New York;Glasgow
London Heathrow;New York 
Gatwick;Bermuda
London Heathrow;Larnaca
Gatwick;Cagliari
Heathrow;Kalamata
London;Gothenburg
Amsterdam;London
Istanbul;London
Manchester;KualaLumpur
London;Dusseldorf
London;Seoul 
London;Vancouver
Newcastle;Delhi
Miami;Delhi
London;Sydney
Phoenix;Amsterdam
Tel Aviv;NewYork
Belfast ;Atlanta
Buenos Aires;London
London;Nashville
London;Washington
Newcastle;Berlin
Gatwick;Madrid
London;Tampa
London;Bengaluru
London;Delhi
London Heathrow;Dubai
London;Seattle
Johannesburg;London
London;Milan
Durban;Leeds
London Heathrow;Los Angeles
Cape Town;London Heathrow
Sofia;Belfast
Lima;Gatwick
Inverness;Auckland
Heathrow;Singapore
Lyon;London
Gatwick;Barbados
Marseille;London
London;Chennai
Gatwick;Malaga
Boston;London Heathrow
London;Cape Town
New York;Heathrow 
London;Aberdeen
Gatwick;Dubrovnik
London;Shanghai
Faro;Heathrow
Vancouver;London
Gatwick;Tenerife
Washington;London
Rome Fiumicino;London City
London;Shanghai
Seattle;London
London City;Zurich
Bucharest;London
London;Calgary
Vancouver;London
Miami;London Heathrow
Houston;London Heathrow
London;Delhi
Bucharest;London
London Heathrow;Bengaluru
Madrid;London
Dublin;London Heathrow
London;Seattle
London;Gibraltar
London;Boston
London;Doha
London Heathrow;Houston
Larnaca;London
Zurich;London
London;Pisa
London;Tokyo Narita
Bridgetown;Gatwick
St Lucia;Gatwick
Chicago;London
London;Bangalore
Hamburg;AbuDhabi
London;Seville
Doha;Paris
Madrid;London
Tokyo;London
London;Vancouver 
London;Mumbai 
London;Chicago 
Leeds Bradford;LasVegas
Dallas;London Heathrow
Tenerife;Heathrow
London Heathrow;Larnaca Cyprus
Los Angeles;London
London;Phoenix
San Francisco;London
Rome;London
Cologne;Gatwick
Tampa;Gatwick
London Heathrow;Madrid 
Gatwick;St Lucia
London;Austin
London;Pisa
Edinburgh;Boston
Gatwick;Mauritius
Heathrow;New York
Gatwick;Cape Town
New York;Venice
Chicago;London Heathrow
London;Chicago
Prague;London Heathrow
London City;Florence
London;Johannesburg
Doha;London Heathrow
Miami;TelAviv
London;Seoul
London;New York JFK
San Diego;London
Gatwick;St Lucia
London;Chennai
London;Tampa
Baltimore;London Heathrow
 Bridgetown;Gatwick
London;Athens
Amsterdam;London
New Orleans;London
Tokyo Narita;London Heathrow
London;Tokyo Haneda
London;Billund
San Diego;Frankfurt
Edinburgh;London Gatwick
Geneva;Philadelphia
London Heathrow;Paris CDG
Johannesburg;London
Edinburgh;Bangalore
Berlin;Johannesburg
New York JFK;London Heathrow
London;Milan 
New York;London
Johannesburg;London 
London;Johannesburg 
London;Johannesburg
London;Dublin
Bermuda;Gatwick
Kuala Lumpur;Miami
Zurich;Heathrow
Miami;London
Copenhagen;Amsterdam
Antigua;Gatwick
Bucharest;London Heathrow
London;Miami
London;Calgary
Calgary;London
Bangalore;London
Barcelona;NewYork
Gatwick;Fort Lauderdale
London;Bologna
Venice;London City
San Francisco;London
Heathrow;Vancouver
London;Bucharest
Stuttgart;London
London;Boston
Boston;London
London;Athens
London;Johannesburg
Newark;Bangalore
London;Berlin
London;Mumbai
Athens;LosAngeles
Heathrow;Sydney
Leeds Bradford;London Heathrow
Gatwick;Tenerife
Denver;Paris
Johannesburg;London
London;Kuala Lumpur
Los Angeles;London Heathrow
Seattle;London
Gatwick;Barbados
Moscow;London
Johannesburg;London 
Bridgetown;Gatwick
Glasgow;NewYork
Sydney;London
Johannesburg;London
Antigua;Gatwick
Gatwick;Barbados
Cape Town;London
Bucharest;London
Kuala Lumpur;MexicoCity
Miami;London
London Gatwick;Tampa
Bordeaux;London Gatwick
Los Angeles;Rome
Gatwick;Las Vegas
Nassau;London
Phoenix;Accra
Manchester;London
San Diego;Hannover
London Heathrow;Stuttgart
London;Johannesburg
London;Dubai
Vancouver;London Heathrow
Boston;Nairobi
Basel;SanFransisco
London;Lyon
London;Boston
Stockholm;London
Amsterdam;London
Buenos Aires;London
Riyadh;London
Aberdeen;London
Singapore;Sydney
London;Budapest
London;Athens
London;Bangkok
Abu Dhabi;London
Gatwick;Orlando
Newcastle;LasVegas
St Petersburg;London
London;Philadelphia
Madrid;London
London;Munich
London;Cape Town
Munich;London Heathrow
Manchester;Philadelphia
Bangkok;London
London;Toronto
London;Vienna
Johannesburg;London
Singapore;London Heathrow
London;Los Angeles
Miami;London Heathrow
London Heathrow;Milan Malpensa
Calgary;Rome
London;Bangkok
London Heathrow;Miami
London;Singapore
Dublin;London
London;Pisa
Prague;Heathrow
Los Angeles;Leeds
Brindisi;London
Chicago;London
Berlin;London
Riyadh;London 
Rome;Newark
London Heathrow;New York JFK
London Heathrow;Dubai
Heraklion;Gatwick
Madrid;London Heathrow
London Heathrow;Brindisi
London;Madrid
Hamburg;London
Glasgow;Miami
London Heathrow;Budapest
Budapest;London Heathrow
Pisa;Toronto
Madrid;Heathrow
Singapore;London
Washington;Frankfurt
Rome;London
London Heathrow;Hong Kong
London Heathrow;Düsseldorf
London;Athens
London Heathrow;Singapore
Philadelphia;London
London;Las Vegas
Zagreb;London
Los Angeles;Milan
Toronto;London
San Francisco;London Heathrow
London;Dublin
London;Paris
Amsterdam;London
New York JFK;London
Amman;London
Paphos;Gatwick
Gatwick;Paphos
New York;Nairobi
Istanbul;London Heathrow
Heathrow;Milan
London;Santiago de Chile
London Heathrow;Seattle Tacoma
London Gatwick;Tirana Rinas
London;Murcia 
London;Amsterdam
Aberdeen;AbuDhabi
Prague;Denver
Seville;Gatwick
London;Amsterdam
Gatwick;Barcelona 
HKG;LHR
Faro;Gatwick
Gatwick;Faro
Jeddah;Chicago
London;Frankfurt
Gatwick;Malaga
Bermuda;Gatwick
Aberdeen;Boston
London;Hamburg
London Heathrow;Hong Kong
London;Istanbul
Munich;London Heathrow
Edinburgh;Florence 
London Heathrow;Manchester
London;Madrid
London;Shanghai
London;Tehran
Pisa;London Heathrow
London Heathrow;Las Vegas
Dublin;Miami
Johannesburg;Heathrow
Toronto;London
Rome;Gatwick
Mumbai;Edinburgh
Mumbai;London Heathrow
Delhi;London
Seychelles;London
Gatwick;Gibraltar
London;Vancouver
Milan;London
New York JFK;Rome
Newark;London Heathrow
London Heathrow;Seattle
London;Johannesburg
Calgary;London
London;Zurich
Glasgow;NewYork
London Heathrow;Baltimore
London;Johannesburg
Los Angeles;London
Tampa;London
Cape Town;London Heathrow
Gatwick;San Jose 
Toronto;London
London;Chicago
Geneva;Vancouver
London Heathrow;Corfu 
Barcelona;Gatwick
Hong Kong;London
Washington;Bucharest
London;Warsaw
London;Istanbul
London;Cape Town
Miami;Hamburg
Turin;London Gatwick
Frankfurt;London Cuty
London;Madrid
Los Angeles;London Heathrow
London Heathrow;Mahon
Dubai;London Heathrow
London Heathrow;Singapore
Paris;Newark
Heraklion;Gatwick
Washington;London
Singapore;London
Sydney;London
Malaga;Gatwick
Barcelona;Gatwick
Munich;London
London;Reykjavik 
Cape Town;London
Washington;Prague
London;Washington
Washington;Glasgow
London;Montreal
Tokyo;Amsterdam
Vienna;London Heathrow
London Heathrow;Vienna
Glasgow;Heathrow
London;Phoenix 
Glasgow;Heathrow
Brussels;Shanghai
Chicago;London Heathrow
Athens;Philadelphia
Hong Kong;London
Los Angeles;London Heathrow
Hamburg;AbuDhabi
GIG;LHR
London Heathrow;Vancouver
Madrid;London
Venice;Gatwick
Singapore;Dublin
London;Budapest
Florence;London Gatwick
London;Sao Paulo
Tampa;London Gatwick
London Heathrow;Dusseldorf
Madrid;London
London;Moscow
Miami;London 
Gatwick;Barbados
London Heathrow;Dallas
London;Copenhagen 
Istanbul;London
Los Angeles;London
Belfast;London 
Naples;Gatwick
São Paulo;London Heathrow
Dallas;Lagos
Budapest;London Heathrow
London Heathrow;New York JFK
London;Vienna
London Heathrow;Cairo 
St Lucia;Gatwick
Fort Lauderdale;Gatwick
Dubai;London Heathrow
London;Las Vegas 
Tampa;Gatwick
Heathrow;Keflavik
London;Muscat
Cape Town;London
Gatwick;Madeira
London;Casablanca
Berlin;HongKong
Hyderabad;Brussels
London Gatwick;Fort Lauderdale 
Milan;London Heathrow
London;Helsinki
London Heathrow;Denver
Heathrow;Kuala Lumpur
Bangkok;London
Beijing;London
London;Beijing
Bangkok;London
Moscow;Heathrow
London Heathrow;Delhi Airport
Belfast;Lisbon
London;Belfast
Miami;London
Warsaw;London
Stockholm;London
Lisbon;London Heathrow
Singapore;Heathrow
Chicago;Chennai
London Heathrow;Toronto
London;Hong Kong
Miami;London Heathrow
London;Phoenix
London;Istanbul
Edimbourgh;London Gatwick
Chicago;London Heathrow
Athens;London
London Heathrow;Miami
London;Bombay
Manchester;Gothenburg
London Heathrow;Prague
New Orleans;Hyderabad
London;Athens
London Gatwick;Cape Town
Las Vegas;London Heathrow
Aberdeen;London Heathrow
Dusseldorf;London
Orlando;Gatwick
London;Johannesburg
Chicago;Hyderabad
San Francisco;Hyderabad
London;Duesseldorf
Rio de Janiero;London
London;Bengaluru
Houston;Dublin
Reykjavik;London
Bangkok;Lisbon
Johannesburg;Cape Town
London Heathrow;Paris Orly
London Heathrow;Belfast
New York;Paris
Singapore;Madrid
Gatwick;Tobago
London Gatwick;Turin
Warsaw;London Heathrow
London Heathrow;Vancouver
 London Heathrow;Madrid
London;Dusseldorf
Johannesburg;London
London;Bangkok
London Gatwick;Rome Fiumicino
Dubai;London
London;Düsseldorf
New York;London
Bangkok;Aberdeen
Rotterdam;London City
London;Cape Town
Chicago;London Heathrow
Toronto;London
Las Vegas;Manchester
London;Dubai
Amsterdam;London
London;Johannesburg
Gatwick;Funchal
London;Tel Aviv
London;Cape Town
Hong Kong;London
Dublin;Heathrow
London;New York
New York;London
Budapest;Philadelphia
London;Hong Kong
London;Montreal
London;Houston
Las Vegas;London
Dubai;London Heathrow
New York;Budapest
Tokyo Narita;London Heathrow
Hamburg;London Heathrow
London;Pisa
London;Toulouse
London;Santiago 
London;Rome
London;Manchester
London;Seattle
Seattle;London
London;Barcelona
Vancouver;Edinburgh
London;Berlin Tegel
London Heathrow;Dubai
Dubai;London Heathrow
Saint Lucia;London Gatwick
London Heathrow;Belfast
London;Miami
London Heathrow;New York JFK
Berlin;London City
Funchal;London Gatwick 
Newcastle;SanFrancisco
Manchester;London
London;Athens
Berlin Tegel;London Heathrow
London Heathrow;Doha
Singapore;Sydney
London Heathrow;Basel
Miami;London Heathrow
Prague;Washington
Cape Town;London
Bangkok;London Heathrow
London Gatwick;Verona
Madrid;London Heathrow
Tel Aviv;London
London;Tel Aviv
Kuala Lumpur;Madrid
Madrid;London Heathrow
Bologna;London Heathrow
Baltimore;Rome
London Heathrow;Johannesburg
London Heathrow;Brussels
London;San Francisco
London Heathrow;Seoul Incheon
Seoul Incheon;London Heathrow
Cape Town;London
London Heathrow;Bahrain
London;Philadelphia
London;Edinburgh
Oakland;Gatwick
Düsseldorf;London 
London;Santiago
London;New York JFK
Johannesburg;Victoria Falls
London;Mumbai
London;Johannesburg
Heathrow;Lyon
London;New York
Kingston;London Gatwick
Heathrow;Barcelona
Singapore;London
London;Rome
Heathrow;Dubai
Tokyo Haneda;Heathrow
London;Toronto
New York JFK;London
Gatwick;Marrakech
Los Angeles;London Heathrow
Gatwick;Cagliari
Shanghai;Tampa
Gatwick;Marrakech
Oakland;Heathrow
London;Sofia
Singapore;Nassau
London Heathrow;Madrid
London;Zurich
Bari;Gatwick
London Heathrow;Gibraltar
Pisa;London
Las Vegas;London Heathrow
London City;Edinburgh
Faro;Gatwick
Los Angeles;London Heathrow
Malaga;Gatwick
London Heathrow;Bangkok
Gatwick;Bari
Malaga;Gatwick
Gatwick;Malaga
London Heathrow;Nice
Gatwick;Orlando
London;Abu Dhabi
Gatwick;Faro
London Heathrow ;Madrid
Geneva;London
Grand Cayman;London
Sydney;Paris
Larnaca;London Heathrow
Funchal;Gatwick
Orlando;Gatwick
Leeds Bradford;Geneva
Los Angeles;Doha
London Heathrow;Istanbul
Toronto;Oslo
Gatwick;Malaga
Athens;London
London;Sofia
Geneva;London
Barcelona;London
London;New York JFK
Port of Spain;Gatwick
London Heathrow;Chicago 
Jersey;Gatwick
Gatwick;Tirana
Reykjavik;London Heathrow
Kuala Lumpur;Berlin
Brussels;London 
London Heathrow;Sofia
Heathrow;Bilbao
Kalamata;London Heathrow
London Heathrow;Kraków
"London Heathrow;Abuja
London;Tokyo Haneda
London;Hong Kong
Gatwick;Alicante
London Heathrow;Kalamata
Gatwick;Mauritius
Dubai;London
London Heathrow;Biarritz
London Gatwick;Funchal
Zakinthos;London Heathrow
Belfast City;London Heathrow
Toronto;London Heathrow
London Heathrow;Zakinthos
London;Vancouver
London;Sao Paulo
Istanbul;London
Bangkok;London
Rome;London
London;Cape Town
London;Milan
London Heathrow;Bucharest
London;Bologna
London Heathrow;Keflavik
Larnaca;London Heathrow
San Jose;Gatwick
London;Keflavik
Tokyo Haneda;London
Rome;London
Amsterdam;Gatwick
Zurich;London Heathrow
New York;CapeTown
London;Philadelphia
Florence;Bristol
Salzburg;Gatwick
Nice;Heathrow
Athens;Newcastle
London;Paris Orly
Toulouse;London Heathrow
London City;Dusseldorf
Vancouver;London Heathrow
Johannesburg;London
Oslo;Philadelphia
London;Warsaw
Athens;London
Cairo;Montreal
London;Chicago
Nice;London Heathrow
London;Doha
Paris CDG;London
Gatwick;Paphos
Vancouver;London Heathrow
Vancouver;London
Athens;London 
Catania;Gatwick
Venice;Gatwick
Bucharest;London
London Heathrow;Accra
Gatwick;Orlando 
San Diego;London
Pisa;London Gatwick
Budapest;London
Bangkok;Manchester
Singapore;Newcastle
Bergen;London Heathrow
Newcastle;Boston
London Heathrow;Sofia
London;Frankfurt
London Heathrow;Bologna
London Heathrow;New York JFK
London Heathrow;Berlin
Barcelona;Boston
London;Madrid
London;Brussels 
London Heathrow;Accra
Krakow;London
Gatwick;Bridgetown
Dubai;London
London;Sofia
Mauritius;Gatwick
New York JFK;London Heathrow
Athens;London Heathrow
Venice;Gatwick
New York JFK;Manchester
London;Boston
Naples;Gatwick
Toronto;London Heathrow
London;Montreal
Newcastle;Geneva
London;Keflavik
London;Tokyo
Gatwick;Mauritius
Boston;Barcelona
Gatwick;Mauritius 
London Heathrow;Larnaca
London;Hong Kong
Belfast;Munich
London Heathrow;Tallinn
London;Barcelona
Dubrovnik;Gatwick
Stockholm;London Heathrow
London;Dubrovnik
Accra;London Heathrow
London Heathrow;Stockholm
Malta;Gatwick
London;Zagreb
Manchester;Philadelphia
Kuala Lumpur;London
Frankfurt;London Heathrow
Heathrow;Accra
London Heathrow;Seattle
Mykonos;London
Zurich;London Heathrow
Rome;Heathrow
Chennai;London
London Gatwick;Genoa
Beijing;London Heathrow
Corfu;London
Heathrow;Santorini
Leeds;Durban
London Heathrow;Dublin
Bangkok;Luxembourg
London Heathrow;Paris Orly
New York JFK;Copenhagen
London;Hamburg
Singapore;London Heathrow
Singapore;London
Toronto;London
Dublin;Marseille
Johannesburg;London
Valencia;London Gatwick
London;Edinburgh
London Gatwick;Valencia
Brussels;Rome
Antigua;Gatwick
London Heathrow;Madrid
Gatwick;Alicante
Gatwick;Antigua
London City;Milan
Boston;Geneva
Gatwick;Bordeaux
London;Boston
Istanbul;London
London;Mumbai
Dusseldorf;London City
London Heathrow;Sydney
London Heathrow;Hong Kong
London;Dubai
London;Vancouver
Tokyo;London Heathrow
Heathrow;Miami
London Heathrow;Brussels
London Heathrow;Lisbon
Lima;London Gatwick
London;Johannesburg
Washington;Sofia
Edinburgh;Rome
Rome;London Heathrow
Tampa;Tirana
Chicago;London Heathrow
Gatwick;Funchal
London Heathrow;Tokyo Narita
Luxembourg;London
Geneva;Dallas
Heathrow;Bergen
Seoul;London
Los Angeles;London
London Heathrow;Geneva
Gatwick;Lima
London Heathrow;Santorini
London Heathrow;Bilbao
Madeira;Gatwick
Edinburgh;Gatwick
Rome;London
Kuala Lumpur;London
London;Kuala Lumpur
London Heathrow;Miami
Moscow;Houston
London;Brussels
London Heathrow;Las Vegas
London;San Francisco
London;Reykjavik
Amsterdam;Tokyo
Antigua;Gatwick
London;Amsterdam
Orlando;Gatwick
London;Hong Kong
London;Toronto
Mexico City;Copenhagen
London;Santiago de Chile
Gatwick;Amsterdam
London Heathrow;Nice
Athens;London
London;Cape Town
LHR;TXL
Rio de Janeiro;London
London;Edinburgh
New York JFK;London
Gatwick;Antigua
Berlin Tegel;London
London City;Bergerac
London Heathrow;Bangkok
Funchal;Edinburgh
London Heathrow;Miami
Singapore;London Heathrow
Nice;London Heathrow
London;Male
Rome;London Heathrow
Keflavik;London 
Glasgow;Chicago
Bahrain;Dublin
London;Edinburgh
London Heathrow;Vienna
Hong Kong;London Heathrow
London Heathrow;Budapest
Zürich;London
Dublin;London
London Gatwick;Orlando
Aberdeen;London
London;Toronto
London;Boston
Newark;London Heathrow
London;Newark
Pisa;Gatwick
Heathrow;San Francisco
Berlin;London
Gatwick;Pisa
London Heathrow;Phoenix
St Lucia;Gatwick
London Heathrow;Bangkok
Singapore;London Heathrow
London;Stockholm Arlanda
Bangkok;London Heathrow
Istanbul;London
London;Seoul
Paris;London Heathrow
Heathrow;San Francisco
Buenos Aires;London
Gatwick;Pisa
London;Dubai
Stuttgart;London
Nice;Gatwick
London LGW;Lima
Punta Cana;Gatwick
London;Washington
London;New York JFK
Malaga;Gatwick
Stavanger;LasVegas
London;Moscow
Copenhagen;Mexico
Gatwick;Rome
Prague;London
LHR;IST
ORY;JFK
Los Angeles;London Heathrow
London;Milan
London;Nice
Baltimore;Nice
Sofia;Boston
Copenhagen;HongKong
London;Larnaca
London Gatwick;San Jose Costa Rica
London Heathrow;New York JFK
London;New Delhi
San Diego;London
Philadelphia;Edinburgh
London Heathrow;New York JFK
London;Singapore
Rome;London
London;New Orleans
London Heathrow;Brussels
Miami;London
Cape Town;Berlin
Marrakech;London Gatwick
London Heathrow;Rome
London Heathrow;Munich
Belfast;Gibraltar
Gatwick;Cancun
Malaga;Gatwick
London;New York
Gatwick;Grenada
Lisbon;London
Amsterdam;CapeTown
Miami;London
London;Los Angeles
Mauritius;Gatwick
London Heathrow;Hong Kong
Frankfurt;HongKong
London;Nairobi
London Heathrow;Edinburgh
Toronto;Berlin
London;Istanbul
London Heathrow;Dubai
London Heathrow;Johannesburg
Montreal;Athens
London Heathrow;Innsbruck
London Heathrow;Dublin
London;Dublin
London;Barbados
London Heathrow;Bangkok
Beijing;London
LHR;GVA
Montreal;London Heathrow
GOT;SFO/PHX
Gatwick;Mauritius
San Diego;London
London Heathrow;Dubai
Amsterdam;StLucia
London;Toulouse
Edinburgh;Luanda
London;Las Vegas
Gatwick;Bridgetown
San Jose;Gatwick
Orlando;London
Newark;London 
Hyderabad;London
London;Chicago
LHR;YVR
London Heathrow;Gibraltar
Singapore;Venice
London;Marrakech
Cape Town;London
Kuwait;Edinburgh
London Heathrow;Pisa
St Lucia;Gatwick
Cape Town;London
Tehran;Vancouver
Malta;Gatwick
London;Larnaca
Mumbai;Seattle
Chicago;London
Phoenix;London Heathrow
London;Chicago O'Hare
London;Mumbai
San Jose;London Gatwick
Amman;London
London;Miami
Lisbon;London
Berlin;London
Istanbul;London
London Heathrow;Chicago
London Heathrow;Bangkok
Gatwick;Cape Town
Toronto;London
London Heathrow;Stuttgart
London;Las Vegas
London Heathrow;Rome
Edinburgh;London City
Accra;London Heathrow
London Gatwick;Mauritius 
London;Vancouver
Washington;London
Bangkok;London
London;Hong Kong
Paris;London
Chicago;London Heathrow
London;Brussels
Dublin;Seattle
London Heathrow;Athens
Doha;London Heathrow
Orlando;London Heathrow
LBA;LHR
Vienna;LosAngeles
Heathrow;Innsbruck
Los Angeles;London
Gatwick;Barcelona
London;Rio de Janeiro
London;New York
TPA;ATH
Hong Kong;London
LHR;IST
London;Berlin
Gatwick;Salzburg
Gatwick;Barbados
Bordeaux;London Gatwick
LHR;SFO
Aberdeen;Paris
London Heathrow;Copenhagen
LHR;IAD
LHR;HKG
London Gatwick;Mauritius
LAX;NCE
Zurich;London
London Gatwick;Barcelona
SOF;LHR
IAD;BCN
YVR;LHR
LHR;MXP
LGW;BGI
London;Johannesburg
London;Zurich
MAD;LHR
LHR;PHL
MLA;LGW
London;Abuja
LHR;CPT
LHR;ORD
SFO;JNB
Larnaca;London Heathrow
London;Manchester
Lisbon;SanJose
LHR;PHX
Gatwick;Tampa
Miami;London
LHR;DXB
CDG;LHR
BKK;CDG
GLA;LGW
BKK;LHR
LHR;CPT
LHR;KUL
LED;LHR
LGW;CUN
PVG;ZRH
LGW;BGI
JFK;LHR
London;Frankfurt
ATH;LHR
FUE;LGW
IAH;LHR
LGW;CUN
LHR;DFW
LHR;HKG
LHR;PRG
LHR;AMM
LHR;FCO
London Heathrow;Miami
LGW;BGI
KUL;LHR
ATH;LHR
MAN;LAX
MAN;LAS
MIA;LHR
SYD;LHR
CDG;BKK
LHR;HKG
YYZ;LHR
LHR;LIM
ATH;LHR
ARN;DEN
IKA;LHR
CUN;LGW
MAD;YUL
MAN;SAN
LGW;TPA
DXB;LHR
LAX;LHR
BUD;LHR
FRA;CPT
BWI;LHR
LHR;PRG
BKK;LHR
DXB;YYZ
LHR;CPH
LGW;ANU
KBP;BFS
LHR;CPT
BKK;MAN
UVF;LGW
LHR;EDI
LHR;HKG
LHR;EZE
HKG;LHR
LHR;BKK
IAD;DEL
SAN;SVQ
LHR;PHL
DFW;BOM
LHR;AUS
LHR;HKG
MAN;PVG
IAD;LHR
CTU;LHR
LGW;MCO
LHR;SEA
MAN;LHR
LHR;MAN
NBO;LHR
SEA;LHR
LGW;UVF
SYD;LHR
LHR;CPT
LHR;YYC
LHR;LIS
LHR;HKG
LHR;BKK
LHR;MAD
SIN; SYD
HKG;LHR
LHR;ARN
LHR;ZRH
LGW;MRU
LHR;IST
LHR;HKG
SIN;LHR
JFK;LHR
LHR;BHD
LHR;YYZ
MAA;LHR
SIN;LHR
TLV;LHR
RAK;LGW
SYD;SIN
AMS;LHR
LHR;SFO
LHR;YYZ
DUS;BOS
LHR;SIN
LHR;DEL
RAK;LGW
LHR;BHD
LHR;KBP
LHR;LAS
BKK;LHR
LHR;IAH
LGW;ANU
LHR;DME
LGW;BGI
JNB;LHR
MIA;LHR
LHR;BWI
SOF;LHR
YYZ;LHR
LHR;KUL
CPT;DUR
LHR;IAD
BCN;LHR
DFW;LHR
LHR;TXL
LHR;LIS
LHR;MIA
LIS;LHR
LHR;DXB
DXB;LHR
LGW;ALC
LHR;BKK
LGW;BGI
DUB;LCY
JNB;CLT
LHR;LAX
MRU;LGW
ATH;LHR
LHR;KUL
LGW;LIM
LCA;LHR
LGW;MCO
LHR;BKK
LHR;GVA
LHR;LAX
UVF ;LGW
LHR;BOS
LGW;VLC
LGW;SVQ
LHR;JFK
LHR;OTP
ICN;LHR
LHR;CPT
HKG;LHR
LHR;ORD
YVR;LHR
LHR;AGP
LHR;MIA
EDI;LGW
SIN;BCN
LHR;BRU
ATH;LHR
MLA;LGW
BKK;LHR
LGW;Pisa
CNX ;LHR
LHR;LAX
HND;LHR
LHR;BOS
SFO;MAN
LHR;SFO
LHR;SIN
BRI;LGW
BKK;LHR
LGW;MLA
SYD;LHR
JFK;LHR
LGW;NCE
LHR;KUL
PMI;LHR
LHR;ICN
SEA;PRG
SIN;LHR
LHR;BUD
IAD;NBO
AGP;LGW
LGW;MRU
DBV;LGW
YYC;FCO
LHR;GVA
LCY;AGP
LHR;DEN
DXB;DUB
LAS;LHR
BOS;LHR
LHR;LIS
YYZ;LIS
LHR;ATL
BOS;LHR
JFK;DUS
JNB;LHR
LHR;BGO
LGW;MRU
CDG;BKK
GLA;ZRH
LCA;LHR
SIN;LHR
SJO;LGW
LHR;BKK
MEL;SIN
LHR;AMS
SJC;LHR
LGW;OPO
BAH;BOS
LGW;JFK
LHR;KGS
LHR;JNB
ATL;GVA
ATL;LHR
AUH;LHR
London;JFK
LHR;JNB
AUH;LHR
LGW;AGP
BUD;LHR
LHR;AMS
LHR;SEA
LHR;BUD
LHR;ATH
LGW;BIO
LHR;IST
MAD;PER
MIA;LHR
LHR;KRK
LHR;DEN
LHR;CPT
LHR;MIA
LHR;JNB
NAP;LGW
LHR;LCA
DBV;LGW
ATL;LHR
LHR;DUB
LGW;DBV
LHR;HKG
AMS;LHR
OPO;LGW
NAP;LGW
LGW;OPO
LHR;TXL
LHR;SVO
MUC;CPT
VIE;OPO
LCY;GVA
LHR;MUC
LGW;MLA
LHR;LCA
LHR;PVG
PRG;SIN
LHR;GLA
PHX;LHR
LIS;LHR
LGW;RAK
BCN;LHR
LHR;BHD
"LHR;BOS
TXL;LHR
WAW;LHR
MAN;JFK
LHR;YYC
MLA;LHR 
PHL;LHR
LHR;BOS
NAP;LGW
LHR;CDG
ABV;LHR
LHR;IST
LHR;KRK
LHR;DUB
LHR;YVR
LHR;IAD 
LHR;YUL
ZRH;LHR
BOS;SXF
LGW;TPA
FRA;LHR
DUB;SFO
MEX;AMS
ZRH;BWI
SIN;SYD
LHR;NAS
MIA;LHR
DOH;CDG
GRU;LHR
GLA;KUL
LHR;MIA
ATH;KUL
LCY;FLR
FRA;LHR
LBA;LHR
BLR;LHR
BKK;LHR
MRU;LHR
GLA;LIS
EDI;PRG
ABZ;SFO
LHR;DFW
LHR;JFK
JFK;LHR
BSL;LHR
LHR;YYC
LHR;BOS
LHR;ZRH
LHR;GVA
AMS;BKK
MXP;MEX
LHR;BUD
GVA;LHR
LHR;JFK
LHR;BKK
KUL;LHR
JNB;LHR
YYZ;EBB
AMS;LGW
KUL;LHR
ZRH;LHR
LGW;UVF
LCY;TXL
BWI;AMS
MAN;JNB
LGW;SVQ
LHR;YVR
LHR;ATL
MRS;LHR
LAX;FCO
JNB;EDI
LHR;BKK
LHR;EWR
LGW;OPO
NCL;LAS
ATH;LHR
NAS;LHR
AGP;LGW
JFK;LGW
LHR;MCI
LGW;FAO
LHR;ATH
LHR;EDI
LAS;LHR
LHR;DUB
BGI;LGW
LHR;MIA
LHR;SAN
PHL;LHR
LHR;SIN
LHR;BOS
SIN;SYD
LGW;PFO
UVF;LGW
LGW;UVF
LHR;STR
MAN;PHL
LHR;OTP
JFK;LHR
LGW;EDI
LHR;MIA
LGW;LIM
JFK;LHR
GVA;INV
DXB;LHR
LHR;DXB
LHR;SFO
LGW;PUJ
LGW;BDA
LHR;YYZ
WAW;LHR
MXP;LHR
BKK;LHR
IBZ;LGW
LHR;CDG
SFO;LHR
LCY;IOM
AMS;GRU
LCY;GLA
LHR;BOM
LGW;UVF
LHR;MIA
JFK;LHR
LHR;JFK
LGW;DBV
LHR;WAW
BGI;LGW
LGW;BGI
MXP;LHR
LHR;BCN
LGW;CTA
LGW;MCO
BKK;LHR
PVG;LHR
LHR;EWR
LGW;FNC
LHR;DEN
LHR;BSL
LYS;LHR
PSA;ORD
NAS;CDG
LHR;Seoul
LHR;JTR
TXL;PHL
DUB;LHR
CDG;LHR
KUL;LHR
LHR;NCE
LGW;AMS
YYZ;LHR
ACC;LHR
LHR;MIA
OSL;LHR
LGW;IBZ
ORD;LHR
DXB;LHR
LHR;SFO
ORD;AMS
FCO;LHR
EDI;YYZ
MAN;DXB
LHR;PHL
LHR;YYC
LHR;YYZ
AMS;HKG
LHR;HKG
LHR;GRU
LHR;NBO
NBO;LHR
YVR;BCN
DOH;LHR
LHR;JNB
LHR;CPT
MAN;LAX
GIB;LHR
LHR;JFK
LHR;IAH
LHR;PEK
YVR;CDG
LHR;CDG
HKG;LHR
SFO;LHR
PEK;LHR
LHR;LAX
LHR;ATH
RUH;DUS
AMS;LGW
LGW;AMS
MRS;YUL
LHR;LCA
LCY;IOM
CPH;LHR
LCY;RTM
YYZ;TXL
TLV;LHR
LGW;FCO
IAD;DXB
MIA;MAN
LHR;PSA
UVF;LGW
SVQ;LGW
OSL;LHR
LGW;SVQ
BCN;SEL
IST;LHR
LHR;IAH
LHR;DEN
SEA;JNB
AUH;LHR
LGW;AMS
ORD;LHR
LHR;AMS
PHL;LHR
LHR;EDI
PHL;LHR
SIN;LHR
LHR;NBO
LHR;PRG
TRN;LGW
AUS;LHR
PUJ;LGW
LHR;SVO
LHR;ZRH
ZRH;LHR
AMS;LHR
MIA;LHR
HKG;LHR
LHR;EDI
SYD;LHR
EDI;SFO
LGW;PUJ
LHR;SIN
LGW;RAK
LHR;GIG
LHR;ORD
LHR;ATH
CPH;ACC
LHR;MUC
ARN;LHR
LHR;HEL
EDI;PHL
VCE;LGW
LHR;MAA
JFK;LHR
LHR;JFK
JFK;LHR
ACC;ZRH
OUL;LHR
LHR;AMS
OTP;LHR
IAD;LHR
LHR;CPT
MAN;GIG
Amsterdam;Orlando
LGW;PUJ
LGW;CUN
KUL;LHR
LHR;ATH
LHR;YVR
SEA;TLV
LGW;NAP
LHR;DUB
LHR;YYZ
YYZ;LHR
LGW;RAK
YVR;LIS
LGW;GVA
LHR;MIa
EDI;LAS
LHR;DXB
MXP;LHR
BCN;LHR
LHR;BOM
ATL;LHR
DOH;LHR
ZRH;LCY
LHR;GRU
KBP;LHR
YVR;LHR
GLA;LHR
GIG;LHR
LHR;YYC
LHR;SIN
LHR;EWR
LCY;JFK
LHR;BOS
YVR;NBO
EDI;LGW
LHR;GIG
LGW;MLE
GLA;CDG
LHR;CPT
JNB;LHR
GLA;JFK
KWI;EDI
YVR;LHR
LHR;SFO
FRA;LCY
LGW;SZG
MIA;MAN
BKK;LHR
HKG;LHR
LBA;LHR
AMS;LHR
HKG;LHR
CPT;LHR
MCO;LHR
LHR;SFO
CPH;LHR
LHR;LAS
BKK;LHR
LHR;JED
FNC;LGW
LHR;JFK
iAH;LHR
OTP;LHR
YYZ;LHR
LHR;MEX
LAS;LHR
MUC;JFK
LHR;PSA
LHR;GLA
MLA;LGW
JNB;DUB
TLV;PHL
NCE;YUL
BKK;LHR
LGW;PUJ
LHR;JNB
YVR;LIS
LHR;DEL
MAD;LAX
CPH;ORD
VIE;NCL
LHR;BCN
LHR;NCL
JED;LHR
LIS;LHR
New York;London
LHR;YVR
Gatwick;Las Vegas
CPT;GVA
London;Vancouver
LHR;BOM
LGW;MCO
GLA;MUC
LHR;BKK
LGW;SSH
PHX;LHR
LCY;GVA
GRU;LHR
Prague;NewYork
Madrid;Sydney
Heathrow;Johannesburg
LGW;BCN
Salzburg;London Gatwick
LHR;AMS
London;Los Angeles
GIG;LHR
LHR;YVR
Newcastle;Heathrow
MAN;JFK
BKK;LHR
GIG;LHR
LHR;AUS
London Gatwick;Salzburg
Punta Cana;London
LHR;SIN
LHR;MAN
SEA;LHR
LHR;SEA
BKK;LHR
TXL;LHR
JFK;London
London Gatwick;Punta Cana
LGW;TPA
Heathrow;Cape Town
Gatwick;Funchal
London;Chicago
Gatwick;Las Vegas
HND;BRU
LAS;LHR
Tampa;Gatwick
LHR;MIA
LHR;LAS
JFK;LHR
YUL;FCO
LHR;KUL
IAD;DXB
EDI;LAS
MAD;LHR
LHR;IST
London;Barbados
GLA;BKK
LHR;BNE
MAN;BOM
Rome;London
Bangkok;London
LGW;AMS
Heathrow;Singapore
LHR;Krakow
BSL;JNB
London;Vancouver
LHR;SFO
Vienna;London
LHR;GRU
LGW;Grenada
LHR;EDI
LHR;DXB
LHR;MUC
Tampa;Gatwick
FCO;LGW
LHR;MIA
Hannover;LHR
DUB;LCY
LHR;Hannover
LHR;DXB
Heathrow;Houston
Kiev;Dublin
Sydney;Singapore
ATH;LHR
LCY;ZRH
GLA;FCO
CPT;LHR
LHR;LAX
LHR;EZE
Mauritius;London
Gatwick;Orlando
Heathrow;Las Vegas
Rome;Heathrow
Gatwick;Venice
London;Luanda
Denver;Heathrow
BKK;LHR
London;Tampa
London;Sydney
LHR;CPT
BLR;LHR
London;Kuala Lumpur
NCE;LAS
Washington;London
Singapore;Sydney
Gatwick;Cancun
DFW;DEL
GOT;LAX
London;Delhi
Heathrow;Moscow
Istanbul;London
GVA;PEK
LHR;NBO
SEA;AUH
Newark;Heathrow
Venice;Gatwick
Heathrow;Las Vegas
Lisbon;London
PHL;ATH
Vienna;London
SIN;LHR
MIA;LHR
SFO;LHR
SSH;LGW
London Heathrow;Bangkok
SFO;LHR
London Heathrow;Milan Malpensa
LHR;Chengdu
Tokyo Narita;LHR
LHR;Tokyo Narita
MAN;LAS
Heathrow (London);JFK (New York City)
LHR;SFO
London;Chennai
LHR;Venice
SFO;EDI
London;Phoenix
Antigua;St Kitts
SFO;LHR
LHR;JNB
Orlando;London
London;Cape Town
Heathrow;Haneda
LHR;GVA
LHR;AMS
Heathrow;Cancun
LHR;SYD
LHR;BKK
SYD;LHR
LHR;JNB
Pisa;London Gatwick
LHR;SYD
Antigua;Gatwick
London;Los Angeles
LHR;SIN
Athens;London
SAN;LHR
Gatwick;Las Vegas
Vancouver;London
LHR;MAD
Bologna;Heathrow
LAS;LHR
Gatwick;Pisa
Heathrow;Belfast
Gatwick;Bari
Rome;London
SIN;BOS
LHR;SAN
London;Rome
LHR;ARN
MAN;SVO
TLV;SAN
LHR;AMS
Heathrow;Bahrain
LHR;SIN
LHR;KUL
HEL;JNB
London;Bangkok
GLA;BKK
Fuereventura;LGW
DUB;LAS
Jersey;MIA
YYZ;FCO
LHR;SYD
DFW;LHR
Cape Town;London
HKG;LHR
DUS;PHL
LAS;LHR
Heathrow;Manchester
London;Toronto
LHR;SFO
LHR;Chicago O'Hare
Nairobi;London
lgw;alicante
Phoenix;Heathrow
LGW;ALC
London;Johannesburg
VIE;LHR
Denver;London
Heathrow;Munich
Phoenix;Heathrow
LGW;SSH 
SSH;LGW
LHR;GIB
LHR;DXB
Stockholm;London
London;Seattle
SYD;SIN
HND;LHR
Vancouver;London
Barcelona;London Heathrow
St Kitts;Gatwick
LHR;IAD
London Gatwick;Cancun
LHR;Bologna
LCA;LHR
AMS;LHR
LHR;MIA
LHR;CPH
LCY;JFK
LHR;BUD
Gatwick;Naples
LHR;KGS
Boston;London
LHR;OSL
LCY;Granada
Glasgow;Paris
St Lucia;LGW
LHR;PHX
Gatwick;Barcelona
LHR;BRU
Heathrow;Vancouver
Glasgow;CapeTown
DXB;IAD
YYZ;LHR
Heathrow;Amsterdam
LHR;MIA
Istanbul;Denver
Madrid;Heathrow
Gatwick;Mauritius
Moscow;Heathrow
London;St Petersburgh
Los Angeles;London
London Heathrow;Basel
London Heathrow;Rome FCO
JFK;Heathrow
LHR;BKK
London;Tokyo
Vancouver;Milan
GIG;LHR
London Heathrow;Venice
London;Paris
Heathrow;Bangkok
Las Vegas;London Heathrow
Athens;London
JFK;Manchester
Gatwick;Barcelona
Dubai;LHR
LHR;PEK
Cape Town;London Heathrow
London;New York JFK
Glasgow;NewYork
Heathrow;Johannesburg
LHR;ARN
London;Dubai
London;Brussels
LAX;LHR
Denver;London
LHR;JFK
Calgary;London
Amsterdam;London
MXP;LHR
Toronto;London Heathrow
Lyon;London Heathrow
Gatwick;Marrakech
Miami;London Heathrow
London;Geneva
LHR;PHX
Manchester;Boston
LCA;LHR
Heathrow;Aberdeen
London;Kuala lumpur
London;Berlin
Denver;Heathrow
LHR;CPH
GLA;PRG
Gatwick;Genoa
London Heathrow;Toulouse
London;Copenhagen
LHR;DUB
Berlin;London Heathrow
LHR;IAD
DOH;LHR
LHR;CPT
St Lucia;Gatwick
Bari;London Gatwick
London;Toronto
London Heathrow;Düsseldorf
London;Jeddah
London;Jeddah
LHR;BCN
Johannesburg;London Heathrow
SFO;LHR
Amsterdam;London Heathrow
Edinburgh;London City
Marseille;London Heathrow
MIA;BRU
Gatwick;Bridgetown
RUH;NCL
PHL;TXL
London Gatwick;Rome Fiumicino
Hyderabad;Phoenix
Washington Dulles;Heathrow
London;Nassau
Dublin;Vancouver
LHR;LAS
Boston;London
Sydney;London
Bologna;Montreal
London;Sydney
Sydney;London
Glasgow;London Gatwick
LHR;IST
GLA;DME
DME;GLA
London;Orlando
Beijing;London Heathrow
London;Larnaca
London;Pisa
Dublin;LHR
Lebanon;Calgary
Sydney;Lisbon
LHR;DXB
Cape Town;London
London;Cape Town
Chicago;London
Washington Dulles;LHR
LHR;ZRH
Tokyo Narita;London
Manchester;SanFran
Los Angeles;Milan
London;Vienna
London;Sydney
Heathrow;Vienna
Cape Town;London
Seoul;London
San Francisco;Zurich
Vancouver;Heathrow
New York;Dublin
MAN;LHR 
London Heathrow;Tokyo
London;Entebbe
Istambul;London Heathrow
London Heathrow;Istanbul
London;Faro
Verona;LGW
Bari;Gatwick
Orlando;London
London;Newcastle
LHR;VIE
London Gatwick;Tampa International
LHR;BOM
London;Singapire
London;Kuala Lumpur
ATL;LHR
London Heathrow;Athens
Orlando;London
Singapore;Sydney
LHR;IAD
LHR;KUL
London Heathrow;Bangkok
LHR;NCL
London Heathrow;Chicago O'Hare
ORD;LHR
Vancouver Canada;London
CAI;JFK
LHR;JNB
Heathrow;Brussels
Tel Aviv;London LHR
LHR;LAX
London;Singapore
LHR;EDI
Gatwick;Dubrovnik
LHR;Hamburg 
Shanghai;London Heathrow
Helsinki;London
Chicago;Paris
Istanbul;London
Bangkok;London
Dublin;London City
Sydney;Singapore
London;Istanbul
Singapore;London
London Gatwick;Orlando MCO
LCY;JFK
London Heathrow;Dubai
Gatwick;Orlando
Heathrow;Warsaw
JFK;TAV
Toronto;Rome
Rotterdam;London
Chicago;Berlin
LHR;JFK  
Heathrow;Ibiza
London;Los Angesles
YUL;FCO
Washington DC;Heathrow
Berlin;Chicago
Vienna;London
London;Vienna
LHR;FCO
LHR;GrandCayman
Santorini;LHR
London Gatwick;Glasgow
London;Johannesburg
Naples;London Gatwick
Geneva;London
Vancouver;Berlin
LHR;LUX
LHR;NCL
LHR;Santorini
LHR;MIA
Bangkok;Heathrow
Buenos Aires;Heathrow
Los Angeles;London
LHR;BKK
LHR;Milan Malpensa
Seoul;London
London;Turkey
Abu Dhabi;Muscat
LHR;YYZ
LGW;VCE
LHR;SOF
LHR;DEN
ORD;LHR
LHR;GLA
GLA;LHR
FRA;LHR 
Gatwick;Barbados
Kiev;London
London;Vancouver
LHR;ORD
BOM;LHR
LHR;BOM
