Naples International Airport;0
El Dorado International Airport;1
Dubai International Airport;2
Rajiv Gandhi International Airport;3
Lester B. Pearson International Airport;4
Savannah Hilton Head International Airport;5
London Gatwick Airport;6
Cape Town International Airport;7
Jeju International Airport;8
Mariscal Sucre International Airport;9
Luis Munoz Marin International Airport;10
Incheon International Airport;11
Billings Logan International Airport;12
Milano Linate Airport;13
San Antonio International Airport;14
Vienna International Airport;15
Reno Tahoe International Airport;16
Edmonton International Airport;17
Birmingham-Shuttlesworth International Airport;18
Turin Airport;19
Cleveland Hopkins International Airport;20
Norfolk International Airport;21
Winnipeg / James Armstrong Richardson International Airport;22
Chubu Centrair International Airport;23
Manchester Airport;24
Newport News Williamsburg International Airport;25
Tokyo Haneda International Airport;26
Zurich Airport;27
Philadelphia International Airport;28
King Shaka International Airport;29
Ciampino___G. B. Pastine International Airport;30
Adolfo Suarez Madridâ€” Barajas Airport;31
Ministro Pistarini International Airport;32
Salt Lake City International Airport;33
Bari Karol Wojty__a Airport;34
Itami Airport;35
Sydney Kingsford Smith International Airport;36
OR Tambo International Airport;37
Shanghai Pudong International Airport;38
Adelaide International Airport;39
Pittsburgh International Airport;40
Ottawa Macdonald-Cartier International Airport;41
Venice Marco Polo Airport;42
Narita International Airport;43
Copenhagen Kastrup Airport;44
Genoa Cristoforo Colombo Airport;45
Charles de Gaulle International Airport;46
Jorge Chavez International Airport;47
Amsterdam Airport Schiphol;48
Cagliari Elmas Airport;49
Helsinki Vantaa Airport;50
Berlin-Tegel Airport;51
Oslo Gardermoen Airport;52
Pisa International Airport;53
Greater Rochester International Airport;54
Licenciado Benito Juarez International Airport;55
Chhatrapati Shivaji International Airport;56
Stockholm-Arlanda Airport;57
Memphis International Airport;58
Ukrainka Air Base;59
Austin Straubel International Airport;60
General Edward Lawrence Logan International Airport;61
Albuquerque International Sunport Airport;62
Verona Villafranca Airport;63
Comodoro Arturo Merino Benitez International Airport;64
Dublin Airport;65
Washington Dulles International Airport;66
Chengdu Shuangliu International Airport;67
Leonardo da Vinci___Fiumicino Airport;68
Louis Armstrong New Orleans International Airport;69
Indira Gandhi International Airport;70
Abu Dhabi International Airport;71
Brisbane International Airport;72
Falcone Borsellino Airport;73
General Wayne A. Downing Peoria International Airport;74
Leonardo da Vinci - Fiumicino Airport;75
Xi'an Xianyang International Airport;76
Melbourne International Airport;77
Kansai International Airport;78
New Chitose Airport;79
Bologna Guglielmo Marconi Airport;80
Buffalo Niagara International Airport;81
Casper-Natrona County International Airport;82
St Louis Lambert International Airport;83
Cologne Bonn Airport;84
Munich Airport;85
Frankfurt am Main Airport;86
Shanghai Hongqiao International Airport;87
Malpensa International Airport;88
Al Maktoum International Airport;89
Gimpo International Airport;90
Phoenix Sky Harbor International Airport;91
Syracuse Hancock International Airport;92
Ataturk International Airport;93
Il Caravaggio International Airport;94
Catania-Fontanarossa Airport;95
San Diego International Airport;96
Jackson-Medgar Wiley Evers International Airport;97
Kempegowda International Airport;98
Warsaw Chopin Airport;99
Bradley International Airport;100
Beijing Capital International Airport;101
London Luton Airport;102
Guangzhou Baiyun International Airport;103
Minneapolis-St Paul International/Wold-Chamberlain Airport;104
Richmond International Airport;105
Orlando Sanford International Airport;106
McCarran International Airport;107
Kansas City International Airport;108
Des Moines International Airport;109
Montreal / Pierre Elliott Trudeau International Airport;110
Louisville International Standiford Field;111
Seattle Tacoma International Airport;112
Detroit Metropolitan Wayne County Airport;113
Treviso-Sant'Angelo Airport;114
Piedmont Triad International Airport;115
Sheremetyevo International Airport;116
Portland International Jetport Airport;117
Tucson International Airport;118
Barcelona International Airport;119
Raleigh Durham International Airport;120
General Mitchell International Airport;121
Fort Wayne International Airport;122
